Date,Name,Year,Letterboxd URI,Rating
2020-08-16,Marriage Story,2019,https://boxd.it/hJAw,4
2020-08-16,The Double Life of Véronique,1991,https://boxd.it/28va,5
2020-08-16,Toy Story,1995,https://boxd.it/29qA,3.5
2020-08-16,Something Useful,2017,https://boxd.it/gMaY,4.5
2020-08-16,Paterson,2016,https://boxd.it/cRk2,3.5
2020-08-16,Inside Out,2015,https://boxd.it/4KHC,3
2020-08-16,I Origins,2014,https://boxd.it/7aRM,3
2020-08-16,The Grand Budapest Hotel,2014,https://boxd.it/3ZqO,3
2020-08-16,Her,2013,https://boxd.it/4O24,4
2020-08-16,Sidewalls,2011,https://boxd.it/2EiM,4
2020-08-16,Perfect Sense,2011,https://boxd.it/A3O,3.5
2020-08-16,Black Swan,2010,https://boxd.it/Sw0,4
2020-08-16,3 Idiots,2009,https://boxd.it/1Dsa,3.5
2020-08-16,Up,2009,https://boxd.it/1OEc,3.5
2020-08-16,A Son of the Sun,2008,https://boxd.it/18ny,3.5
2020-08-16,Persepolis,2007,https://boxd.it/27DC,3
2020-08-16,The Terminal,2004,https://boxd.it/2a2O,4.5
2020-08-16,Eternal Sunshine of the Spotless Mind,2004,https://boxd.it/6YK,3.5
2020-08-16,Before Sunset,2004,https://boxd.it/2bcg,3.5
2020-08-16,Finding Nemo,2003,https://boxd.it/72i,4
2020-08-16,The Pianist,2002,https://boxd.it/2aqc,3.5
2020-08-16,GoodFellas,1990,https://boxd.it/29FA,3.5
2020-08-16,The Shining,1980,https://boxd.it/29Nu,4
2020-08-16,The Bus,1974,https://boxd.it/8UhW,3.5
2020-08-16,Psycho,1960,https://boxd.it/2ab2,3.5
2020-08-16,12 Angry Men,1957,https://boxd.it/2auI,4
2020-08-16,Edward Scissorhands,1990,https://boxd.it/2aZc,3.5
2020-08-16,Three Colours: Red,1994,https://boxd.it/2b7q,4.5
2020-08-16,Three Colours: White,1994,https://boxd.it/2b7A,4
2020-08-16,Three Colours: Blue,1993,https://boxd.it/2b7K,4.5
2020-08-16,Before Sunrise,1995,https://boxd.it/2bcU,3.5
2020-08-16,Trainspotting,1996,https://boxd.it/29XY,4
2020-08-16,Reservoir Dogs,1992,https://boxd.it/2agc,3
2020-08-16,The Game,1997,https://boxd.it/26vC,3.5
2020-08-16,The Silence of the Lambs,1991,https://boxd.it/2aHW,4
2020-08-16,One Flew Over the Cuckoo's Nest,1975,https://boxd.it/2aeA,3.5
2020-08-16,The Piano Teacher,2001,https://boxd.it/2886,3.5
2020-08-16,Joker,2019,https://boxd.it/h4cS,3.5
2020-08-16,The Wild Pear Tree,2018,https://boxd.it/eMtM,4
2020-08-16,Red Istanbul,2017,https://boxd.it/fMvK,1
2020-08-16,Django Unchained,2012,https://boxd.it/2cCk,4
2020-08-16,My Grandfather's People,2011,https://boxd.it/2Rig,2
2020-08-16,A Separation,2011,https://boxd.it/gvo,3.5
2020-08-16,The Curious Case of Benjamin Button,2008,https://boxd.it/23Fk,3
2020-08-16,Vicky Cristina Barcelona,2008,https://boxd.it/23rW,3
2020-08-16,Slumdog Millionaire,2008,https://boxd.it/1S3E,3
2020-08-16,Alone,2008,https://boxd.it/1qAK,2
2020-08-16,For Love and Honor,2007,https://boxd.it/1qAA,3
2020-08-16,Into the Wild,2007,https://boxd.it/22m2,3
2020-08-16,Romantic,2007,https://boxd.it/Bqu,2
2020-08-16,Blood Diamond,2006,https://boxd.it/28Tm,3
2020-08-16,My Father and My Son,2005,https://boxd.it/1QgQ,3.5
2020-08-16,Caché,2005,https://boxd.it/2amY,3.5
2020-08-16,The Notebook,2004,https://boxd.it/1UNE,2.5
2020-08-16,Where's Firuze?,2004,https://boxd.it/396C,2.5
2020-08-16,Catch Me If You Can,2002,https://boxd.it/29VS,3
2020-08-16,The Lord of the Rings: The Two Towers,2002,https://boxd.it/2b5E,4.5
2020-08-16,Ice Age,2002,https://boxd.it/2apS,4
2020-08-16,Garden State,2004,https://boxd.it/2asW,2.5
2020-08-16,Titanic,1997,https://boxd.it/2a2k,4
2020-08-16,Dogville,2003,https://boxd.it/2a8W,3.5
2020-08-16,A Hidden Life,2019,https://boxd.it/eb1Q,4
2020-08-16,Atonement,2007,https://boxd.it/24ui,4
2020-08-16,Gone with the Wind,1939,https://boxd.it/29Fq,3.5
2020-08-16,Magnolia,1999,https://boxd.it/2aze,4
2020-08-16,Good Will Hunting,1997,https://boxd.it/2ahY,4
2020-08-16,The Apartment,1996,https://boxd.it/1RMe,4
2020-08-16,Midnight in Paris,2011,https://boxd.it/i4a,4
2020-08-16,The Big Lebowski,1998,https://boxd.it/2b6C,3.5
2020-08-16,Time of the Gypsies,1988,https://boxd.it/1E1Y,5
2020-08-16,Dirty Dancing,1987,https://boxd.it/2baY,3.5
2020-08-16,Captain Fantastic,2016,https://boxd.it/b2K2,1.5
2020-08-16,Babel,2006,https://boxd.it/292o,4
2020-08-16,Revolutionary Road,2008,https://boxd.it/24Le,3.5
2020-08-16,Biutiful,2010,https://boxd.it/OiI,4
2020-08-16,Big Fish,2003,https://boxd.it/2a3M,2
2020-08-16,303,2018,https://boxd.it/hNBe,2
2020-08-16,My King,2015,https://boxd.it/aNq2,4
2020-08-16,Café de Flore,2011,https://boxd.it/302Q,4
2020-08-16,10 Things I Hate About You,1999,https://boxd.it/23AO,1.5
2020-08-16,Comidark Films: In Between,2019,https://boxd.it/nL1q,1.5
2020-08-16,The Vow,2012,https://boxd.it/2o4Y,3.5
2020-08-16,Love Actually,2003,https://boxd.it/2aeU,3
2020-08-16,The Hunt,2012,https://boxd.it/3wEC,3
2020-08-16,The Unbearable Lightness of Being,1988,https://boxd.it/1VKc,3
2020-08-16,Jojo Rabbit,2019,https://boxd.it/iEBG,3
2020-08-16,Gone Girl,2014,https://boxd.it/6hQu,3
2020-08-17,Mirage,2018,https://boxd.it/jeOm,1.5
2020-08-17,Miracle in Cell No. 7,2019,https://boxd.it/nFrM,2
2020-08-17,Green Book,2018,https://boxd.it/hErk,3
2020-08-17,Mortal World,2018,https://boxd.it/i1G8,2
2020-08-17,Blade Runner 2049,2017,https://boxd.it/b8wK,3
2020-08-17,Ayla: The Daughter of War,2017,https://boxd.it/gWyw,3
2020-08-17,In the Fade,2017,https://boxd.it/eZpS,3
2020-08-17,For Both of Us,2016,https://boxd.it/g1ho,0.5
2020-08-17,Sour Apples,2016,https://boxd.it/eXKu,1.5
2020-08-17,Gênco,2017,https://boxd.it/hiOG,2
2020-08-17,The Hobbit: The Battle of the Five Armies,2014,https://boxd.it/43aU,1.5
2020-08-17,Are We Ok?,2013,https://boxd.it/7wSW,1.5
2020-08-17,CM101MMXI Fundamentals,2013,https://boxd.it/52TQ,1.5
2020-08-17,The Hobbit: An Unexpected Journey,2012,https://boxd.it/GZk,3
2020-08-17,Amour,2012,https://boxd.it/34Q6,4.5
2020-08-17,Losers' Club,2011,https://boxd.it/gxE,1.5
2020-08-17,Incendies,2010,https://boxd.it/Msm,3
2020-08-17,Jolly Life,2009,https://boxd.it/ypI,2
2020-08-17,About Elly,2009,https://boxd.it/18Ry,3
2020-08-17,The Lord of the Rings: The Return of the King,2003,https://boxd.it/2b5u,4
2020-08-17,A Beautiful Mind,2001,https://boxd.it/2amk,4
2020-08-17,The Lord of the Rings: The Fellowship of the Ring,2001,https://boxd.it/2b5O,3
2020-08-17,Spirited Away,2001,https://boxd.it/2b4m,3
2020-08-17,Requiem for a Dream,2000,https://boxd.it/29VI,3
2020-08-17,Memento,2000,https://boxd.it/2bcK,1.5
2020-08-17,Life Is Beautiful,1997,https://boxd.it/29Wm,5
2020-08-17,Children of Heaven,1997,https://boxd.it/1C5k,4
2020-08-17,The Bandit,1996,https://boxd.it/1sVq,3.5
2020-08-17,Léon: The Professional,1994,https://boxd.it/2b8S,4
2020-08-17,The Lion King,1994,https://boxd.it/201Q,3
2020-08-17,Forrest Gump,1994,https://boxd.it/728,3
2020-08-17,Home Alone,1990,https://boxd.it/29Fg,1.5
2020-08-17,Dead Poets Society,1989,https://boxd.it/2aSg,4
2020-08-17,The Lion King,2019,https://boxd.it/eSjI,2.5
2020-08-17,Toy Story 4,2019,https://boxd.it/9ALu,4.5
2020-08-17,Incredibles 2,2018,https://boxd.it/7IPg,2.5
2020-08-17,Lion,2016,https://boxd.it/b2La,3
2020-08-17,Me Before You,2016,https://boxd.it/9n98,2
2020-08-17,Room,2015,https://boxd.it/7T0y,3.5
2020-08-17,Big Hero 6,2014,https://boxd.it/5rje,4
2020-08-17,The Fault in Our Stars,2014,https://boxd.it/6BQa,3
2020-08-17,About Time,2013,https://boxd.it/43bI,2.5
2020-08-17,Despicable Me 2,2013,https://boxd.it/3gg0,4.5
2020-08-17,Before Midnight,2013,https://boxd.it/4ive,3.5
2020-08-17,Ice Age: Continental Drift,2012,https://boxd.it/lQ2,3
2020-08-17,Silver Linings Playbook,2012,https://boxd.it/2TTo,1.5
2020-08-17,The Intouchables,2011,https://boxd.it/2FT0,3
2020-08-17,Cars 2,2011,https://boxd.it/H4Y,3.5
2020-08-17,Kung Fu Panda 2,2011,https://boxd.it/G36,5
2020-08-17,One Day,2011,https://boxd.it/Asu,2.5
2020-08-17,Shrek Forever After,2010,https://boxd.it/1WRo,3
2020-08-17,Remember Me,2010,https://boxd.it/1zyI,1.5
2020-08-17,Toy Story 3,2010,https://boxd.it/1WRe,3.5
2020-08-17,Mr. Nobody,2009,https://boxd.it/1k44,3
2020-08-17,Gran Torino,2008,https://boxd.it/1Qzy,3.5
2020-08-17,WALL·E,2008,https://boxd.it/1VEo,4
2020-08-17,Kung Fu Panda,2008,https://boxd.it/1Yws,3.5
2020-08-17,Ratatouille,2007,https://boxd.it/27ww,3
2020-08-17,The Pursuit of Happyness,2006,https://boxd.it/28PE,4.5
2020-08-17,Madagascar,2005,https://boxd.it/29dc,4
2020-08-17,Pride & Prejudice,2005,https://boxd.it/24u8,4
2020-08-17,Ice Age: The Meltdown,2006,https://boxd.it/2wRk,2.5
2020-08-17,The Incredibles,2004,https://boxd.it/1XLm,4
2020-08-17,Shrek 2,2004,https://boxd.it/29z8,3.5
2020-08-17,Cast Away,2000,https://boxd.it/20i8,3
2020-08-17,"Monsters, Inc.",2001,https://boxd.it/2a46,4
2020-08-17,City of Angels,1998,https://boxd.it/29Bo,3.5
2020-08-17,PK,2014,https://boxd.it/9q1G,3
2020-08-17,Shutter Island,2010,https://boxd.it/1U82,4
2020-08-17,Dogtooth,2009,https://boxd.it/158K,2.5
2020-08-17,V for Vendetta,2005,https://boxd.it/29Ik,3
2020-08-17,Million Dollar Baby,2004,https://boxd.it/2bdI,3
2020-08-17,50 First Dates,2004,https://boxd.it/285c,2.5
2020-08-17,The Sixth Sense,1999,https://boxd.it/29Js,4
2020-08-17,Pulp Fiction,1994,https://boxd.it/29Pq,4
2020-08-17,The Godfather,1972,https://boxd.it/2aNK,3.5
2020-08-17,A Clockwork Orange,1971,https://boxd.it/2aVE,4
2020-08-17,Blade Runner,1982,https://boxd.it/2bcA,3
2020-08-17,The Breakfast Club,1985,https://boxd.it/27q4,3
2020-08-17,Rear Window,1954,https://boxd.it/2a6Q,4
2020-08-17,Vertigo,1958,https://boxd.it/2apI,3.5
2020-08-17,Split,2016,https://boxd.it/dgSy,3.5
2020-08-17,Eat Pray Love,2010,https://boxd.it/16Cc,2.5
2020-08-17,Hotel Rwanda,2004,https://boxd.it/2aSA,3
2020-08-17,Harry Potter and the Chamber of Secrets,2002,https://boxd.it/29QI,1.5
2020-08-17,"Girl, Interrupted",1999,https://boxd.it/25ds,3.5
2020-08-17,Dancer in the Dark,2000,https://boxd.it/71E,4
2020-08-17,Annie Hall,1977,https://boxd.it/29M2,3
2020-08-17,The Devil's Advocate,1997,https://boxd.it/286k,3
2020-08-17,The Lake House,2006,https://boxd.it/27yM,4
2020-08-17,Alvin and the Chipmunks: The Road Chip,2015,https://boxd.it/7DWQ,3
2020-08-17,Alvin and the Chipmunks: The Squeakquel,2009,https://boxd.it/1zgk,2.5
2020-08-17,Cloudy with a Chance of Meatballs,2009,https://boxd.it/1A40,3
2020-08-17,Coraline,2009,https://boxd.it/1NhQ,2.5
2020-08-17,Dumbo,1941,https://boxd.it/1U2o,3
2020-08-17,One Hundred and One Dalmatians,1961,https://boxd.it/1SeC,2
2020-08-17,Finding Dory,2016,https://boxd.it/4aAA,2.5
2020-08-17,A Bug's Life,1998,https://boxd.it/1Yyy,3
2020-08-17,Like Stars on Earth,2007,https://boxd.it/20SA,3.5
2020-08-17,Spider-Man,2002,https://boxd.it/2a8i,3
2020-08-17,Gladiator,2000,https://boxd.it/2b9m,3
2020-08-17,The Green Mile,1999,https://boxd.it/2agG,3
2020-08-17,Rain Man,1988,https://boxd.it/2avw,4.5
2020-08-17,Decalogue I,1989,https://boxd.it/3WmE,3
2020-08-17,Star Wars: The Last Jedi,2017,https://boxd.it/5xme,3.5
2020-08-17,Return of the Jedi,1983,https://boxd.it/27Vm,2.5
2020-08-17,The Empire Strikes Back,1980,https://boxd.it/27Vw,3
2020-08-17,Star Wars: The Force Awakens,2015,https://boxd.it/4vru,3
2020-08-17,The Best Offer,2013,https://boxd.it/4Oh4,3
2020-08-17,My First Time,2012,https://boxd.it/3MX6,2.5
2020-08-17,Love Likes Coincidences,2011,https://boxd.it/nVe,3
2020-08-17,Begin Again,2013,https://boxd.it/5Ybs,4.5
2020-08-17,Three Steps Above Heaven,2010,https://boxd.it/cpG,3.5
2020-08-17,Monsters University,2013,https://boxd.it/bQm,3.5
2020-08-24,Piano Piano Kid,1991,https://boxd.it/322y,4
2021-01-25,Soul,2020,https://boxd.it/ioLA,5
2021-01-25,Night on Earth,1991,https://boxd.it/2ayq,3
2021-03-09,The Painted Veil,2006,https://boxd.it/1OyS,4.5
2021-03-09,Se7en,1995,https://boxd.it/29zs,3
2021-03-09,Kate & Leopold,2001,https://boxd.it/1Uj0,2.5
2021-03-09,A Few Good Men,1992,https://boxd.it/29nw,4.5
2021-03-09,Nomadland,2020,https://boxd.it/lnRy,3
2021-03-09,To the Wonder,2012,https://boxd.it/gpU,3.5
2021-03-09,Stuck Apart,2021,https://boxd.it/o2cU,2
2021-03-09,I Care a Lot,2020,https://boxd.it/mcHk,0.5
2021-03-10,Schindler's List,1993,https://boxd.it/2aq2,5
2021-03-11,Cold War,2018,https://boxd.it/fEoc,2.5
2021-03-13,Being John Malkovich,1999,https://boxd.it/2ahu,4
2021-03-14,Little Women,2019,https://boxd.it/aSVk,4
2021-03-16,The Devil All the Time,2020,https://boxd.it/i2tY,4
2021-03-17,It's Only the End of the World,2016,https://boxd.it/be0K,3.5
2021-03-21,No Country for Old Men,2007,https://boxd.it/21ew,0.5
2021-03-21,21 Grams,2003,https://boxd.it/2ajK,3.5
2021-03-21,P.S. I Love You,2007,https://boxd.it/229C,4
2021-03-21,Horton Hears a Who!,2008,https://boxd.it/1SfA,2
2021-03-21,Alvin and the Chipmunks,2007,https://boxd.it/21E0,3
2021-03-21,Bolt,2008,https://boxd.it/1QXg,3
2021-03-21,Twilight,2008,https://boxd.it/1Zui,3
2021-03-21,The Twilight Saga: New Moon,2009,https://boxd.it/1Hj2,3
2021-03-21,The Butterfly's Dream,2013,https://boxd.it/5haQ,4
2021-03-21,Karakomik Filmler,2019,https://boxd.it/jMsO,3
2021-03-21,Tenet,2020,https://boxd.it/leq4,1
2021-03-21,Smurfs: The Lost Village,2017,https://boxd.it/4pCG,2
2021-03-21,How to Train Your Dragon 2,2014,https://boxd.it/2TRW,2
2021-03-21,The Great Gatsby,2013,https://boxd.it/JY,3
2021-03-21,How to Train Your Dragon,2010,https://boxd.it/1WRy,3
2021-03-21,Beyaz Melek,2007,https://boxd.it/1qBy,3
2021-03-21,Shark Tale,2004,https://boxd.it/1VYe,5
2021-03-21,A Walk to Remember,2002,https://boxd.it/1WLq,3
2021-03-24,Palm Springs,2020,https://boxd.it/lCXQ,2.5
2021-04-11,While We're Young,2014,https://boxd.it/7oOs,3.5
2021-04-12,Time to Love,1965,https://boxd.it/46cu,2.5
2021-04-15,The Fountain,2006,https://boxd.it/28RU,4
2021-04-22,Like Crazy,2011,https://boxd.it/g4s,3
2021-04-23,Call Me by Your Name,2017,https://boxd.it/dYmm,2.5
2021-04-24,Collateral Beauty,2016,https://boxd.it/bAIu,4.5
2021-04-25,Pieces of a Woman,2020,https://boxd.it/nOrQ,3.5
2021-04-26,The Art of Racing in the Rain,2019,https://boxd.it/iYWk,4.5
2021-04-30,On Body and Soul,2017,https://boxd.it/fu7A,3.5
2021-05-02,Scent of a Woman,1992,https://boxd.it/1YAu,3.5
2021-05-02,Sound of Metal,2019,https://boxd.it/i7Q4,3.5
2021-05-04,Amélie,2001,https://boxd.it/2aUc,4
2021-05-05,La Belle Époque,2019,https://boxd.it/lXCE,4.5
2021-05-09,Minari,2020,https://boxd.it/mL9M,4.5
2021-05-09,Love Likes Coincidences 2,2020,https://boxd.it/oyc8,2.5
2021-05-11,As Good as It Gets,1997,https://boxd.it/268y,4.5
2021-05-16,Lady Bird,2017,https://boxd.it/dGNE,3.5
2021-05-22,The 100 Year-Old Man Who Climbed Out the Window and Disappeared,2013,https://boxd.it/4CHE,4
2021-05-26,Love in the Afternoon,1957,https://boxd.it/1HcK,2
2021-05-30,Friends: The Reunion,2021,https://boxd.it/pOQq,2.5
2021-06-03,Love in the Afternoon,1972,https://boxd.it/1Svo,3.5
2021-06-20,Pain and Glory,2019,https://boxd.it/iOBQ,2
2021-06-22,Oscar and the Lady in Pink,2009,https://boxd.it/AkU,3
2021-07-01,To the Bone,2017,https://boxd.it/e5AK,2
2021-07-14,Wonder,2017,https://boxd.it/ekeY,3
2021-07-30,Inglourious Basterds,2009,https://boxd.it/1JzG,4
2021-08-04,Winter Sleep,2014,https://boxd.it/7Ua0,5
2021-08-06,Climates,2006,https://boxd.it/1H0k,3.5
2021-08-11,Annette,2021,https://boxd.it/f0RS,4
2021-08-11,Never Look Away,2018,https://boxd.it/eZns,4
2021-08-12,"Love, Rosie",2014,https://boxd.it/62hE,3
2021-08-12,The Lovers on the Bridge,1991,https://boxd.it/26li,3
2021-08-17,Amores Perros,2000,https://boxd.it/2bfu,3.5
2021-08-19,Whiplash,2014,https://boxd.it/7bQA,4.5
2021-08-20,Noah Land,2019,https://boxd.it/lEsq,3
2021-08-21,Chungking Express,1994,https://boxd.it/1UDa,3
2021-08-23,Little White Lies,2010,https://boxd.it/JiI,4
2021-08-23,The Elephant Man,1980,https://boxd.it/27LQ,3.5
2021-08-23,The Book Thief,2013,https://boxd.it/67wO,3
2021-08-23,The Hobbit: The Desolation of Smaug,2013,https://boxd.it/nmS,3
2021-08-24,The Sea Inside,2004,https://boxd.it/27S8,4.5
2021-08-24,The Secret Life of Walter Mitty,2013,https://boxd.it/3SWy,3.5
2021-08-26,Mary and Max,2009,https://boxd.it/1y2m,4.5
2021-08-26,Head-On,2004,https://boxd.it/2awk,3
2021-08-26,The Emoji Movie,2017,https://boxd.it/d9x4,3
2021-08-26,Cars 3,2017,https://boxd.it/7IPq,3
2021-08-26,The Little Prince,2015,https://boxd.it/9WbS,3.5
2021-08-26,Sex Tape,2014,https://boxd.it/6FRG,2
2021-08-26,Wedding Association,2013,https://boxd.it/7ezC,2.5
2021-08-26,Anna Karenina,2012,https://boxd.it/3lyy,3.5
2021-08-26,The Twilight Saga: Breaking Dawn – Part 1,2011,https://boxd.it/DdM,3
2021-08-26,Cars of the Revolution,2008,https://boxd.it/ypy,4
2021-08-26,Bee Movie,2007,https://boxd.it/22Vw,4
2021-08-26,Casablanca,1942,https://boxd.it/2aG0,3
2021-09-13,Another Round,2020,https://boxd.it/lkba,4
2021-09-18,Enemy,2013,https://boxd.it/5xtO,3
2021-09-20,Anima,2019,https://boxd.it/mxuc,2.5
2021-09-20,The Father,2020,https://boxd.it/m8Ie,4.5
2021-09-29,Shame,2011,https://boxd.it/2CxU,3
2021-10-04,A Heart in Winter,1992,https://boxd.it/Ja0,5
2021-10-10,Cinderella Man,2005,https://boxd.it/29he,4.5
2021-10-11,Shiva Baby,2020,https://boxd.it/oIv0,2.5
2021-10-12,The Guilty,2021,https://boxd.it/kOPW,3.5
2021-10-12,Locke,2013,https://boxd.it/6hHC,3.5
2021-10-15,Moonrise Kingdom,2012,https://boxd.it/2Wng,4
2021-10-24,The Last Samurai,2003,https://boxd.it/29ZA,3.5
2021-10-27,Dune,2021,https://boxd.it/fA7G,3
2021-10-27,After We Fell,2021,https://boxd.it/rWum,2.5
2021-11-02,"The French Dispatch of the Liberty, Kansas Evening Sun",2021,https://boxd.it/jLP8,4
2021-11-05,Scenes from a Marriage,2021,https://boxd.it/wzSU,4.5
2021-11-07,The Souvenir,2019,https://boxd.it/gXU4,2.5
2021-11-21,A Tale of Winter,1992,https://boxd.it/1WJO,3
2021-11-22,Eiffel,2021,https://boxd.it/omw6,3.5
2021-11-28,Cinema Paradiso,1988,https://boxd.it/1UlA,4.5
2021-12-09,Rush,2013,https://boxd.it/3lyS,4.5
2021-12-12,Jerry Maguire,1996,https://boxd.it/1YNS,3.5
2021-12-12,How to Become a Tyrant,2021,https://boxd.it/wvV6,3.5
2021-12-16,"Ana, My Love",2017,https://boxd.it/fesM,3.5
2021-12-18,When Harry Met Sally...,1989,https://boxd.it/29W2,4
2021-12-23,Remember us,2018,https://boxd.it/jINI,4.5
2022-01-01,Cem Yılmaz: Diamond Elite Platinum Plus,2021,https://boxd.it/yvJo,4
2022-01-03,A Broken Love Story,1982,https://boxd.it/8H0e,3.5
2022-01-15,Don't Look Up,2021,https://boxd.it/o0Hc,4
2022-01-20,The Social Network,2010,https://boxd.it/17ue,3.5
2022-01-21,Fantastic Mr. Fox,2009,https://boxd.it/1WyQ,4
2022-02-24,The Worst Person in the World,2021,https://boxd.it/oyws,4
2022-03-01,Brothers,2009,https://boxd.it/20WW,3.5
2022-03-11,Mulholland Drive,2001,https://boxd.it/297o,0.5
2022-03-24,House of Sand and Fog,2003,https://boxd.it/1UEM,4
2022-03-26,Notting Hill,1999,https://boxd.it/2aeK,4
2022-04-02,The Royal Tenenbaums,2001,https://boxd.it/1YHU,4.5
2022-04-02,The Batman,2022,https://boxd.it/eDGs,3
2022-04-17,CODA,2021,https://boxd.it/tbf4,3
2022-04-23,The Bridges of Madison County,1995,https://boxd.it/29Os,4
2022-05-29,The Past,2013,https://boxd.it/4Ovg,3.5
2022-06-07,Godspeed,2022,https://boxd.it/AHcU,3.5
2022-07-05,Meet Joe Black,1998,https://boxd.it/2aEI,4.5
2022-08-08,Happening,2021,https://boxd.it/tRts,4
2022-08-08,Unfaithful,2002,https://boxd.it/275A,4.5
2022-08-08,Carol,2015,https://boxd.it/7DPK,2.5
2022-08-09,The Aviator's Wife,1981,https://boxd.it/1srq,4
2022-08-10,The Shape of Water,2017,https://boxd.it/dZ5m,3.5
2022-08-10,I Want You Back,2022,https://boxd.it/poyU,3.5
2022-08-11,Submarine,2010,https://boxd.it/H4a,4.5
2022-08-12,The Lobster,2015,https://boxd.it/7tnw,3.5
2022-08-12,The Green Ray,1986,https://boxd.it/t8W,3.5
2022-08-13,Boyfriends and Girlfriends,1987,https://boxd.it/14C,3.5
2022-08-13,La Collectionneuse,1967,https://boxd.it/23Ls,3.5
2022-08-14,Drive My Car,2021,https://boxd.it/sv94,3.5
2022-08-14,45 Years,2015,https://boxd.it/9ZPG,4.5
2022-08-14,Blue Valentine,2010,https://boxd.it/MxG,3.5
2022-08-14,Love Tactics,2022,https://boxd.it/yY0C,1
2022-08-18,Heartsong,2022,https://boxd.it/BRzm,3
2022-09-03,The Time Traveler's Wife,2009,https://boxd.it/1xH4,3
2022-09-14,Bridget Jones's Diary,2001,https://boxd.it/29WQ,3
2022-09-21,The Festival of Troubadours,2022,https://boxd.it/xaKo,1
2022-09-22,Short Term 12,2013,https://boxd.it/5f6s,4
2022-10-05,Torment,1994,https://boxd.it/1HMS,4
2022-10-09,Nocturnal Animals,2016,https://boxd.it/bkFu,4.5
2022-10-30,Aftersun,2022,https://boxd.it/Arw0,4
2022-10-30,Undine,2020,https://boxd.it/mM3K,3.5
2022-10-31,Cici,2022,https://boxd.it/CPZu,3.5
2022-11-12,Triangle of Sadness,2022,https://boxd.it/hXlq,4
2022-11-15,Love & Other Drugs,2010,https://boxd.it/UIi,3
2022-11-15,Don't Leave,2022,https://boxd.it/DmyQ,2.5
2022-11-19,Force Majeure,2014,https://boxd.it/7UcA,3.5
2022-11-20,Perfume: The Story of a Murderer,2006,https://boxd.it/28LW,3
2022-11-22,The Square,2017,https://boxd.it/e5YW,3
2022-11-24,Steve Jobs,2015,https://boxd.it/araG,2.5
2022-11-28,Ordinary People,1980,https://boxd.it/1JTm,4
2022-11-30,Dear Diary,1993,https://boxd.it/1vT8,0.5
2022-12-01,Come and See,1985,https://boxd.it/1w9q,5
2022-12-03,Saraband,2003,https://boxd.it/rkw,3
2022-12-06,The Prestige,2006,https://boxd.it/293w,4.5
2022-12-14,Petite Maman,2021,https://boxd.it/s6je,3
2022-12-28,French Kiss,1995,https://boxd.it/2atA,3.5
2023-01-01,Mare of Easttown,2021,https://boxd.it/u2h8,4
2023-01-03,Truly Madly Deeply,1990,https://boxd.it/1HaY,4.5
2023-01-07,The Banshees of Inisherin,2022,https://boxd.it/p7XS,4
2023-01-09,The Man from Earth,2007,https://boxd.it/1Ql2,3.5
2023-01-09,The Queen's Gambit,2020,https://boxd.it/s1Ym,3
2023-01-09,Ethos,2020,https://boxd.it/sJVQ,4
2023-01-09,Muslum,2018,https://boxd.it/jcPW,2
2023-01-09,Whisper If I Forget,2014,https://boxd.it/9y5c,3
2023-01-09,A Long Story,2012,https://boxd.it/4t8q,4
2023-01-09,The Hunger Games,2012,https://boxd.it/2uds,3
2023-01-09,Seven Pounds,2008,https://boxd.it/1U8w,3
2023-01-09,"Don't Worry, I'm Fine",2006,https://boxd.it/2908,5
2023-01-09,Family Honour,1976,https://boxd.it/4WiO,4
2023-01-21,Forgotten,2017,https://boxd.it/hAJE,3
2023-01-22,Gad Elmaleh: American Dream,2018,https://boxd.it/ijT0,4
2023-02-05,The Menu,2022,https://boxd.it/lScm,4
2023-02-14,Saving Private Ryan,1998,https://boxd.it/29ro,4
2023-02-19,Babylon,2022,https://boxd.it/mM02,4
2023-02-25,Jurassic Park,1993,https://boxd.it/2aA2,3
2023-02-26,TÁR,2022,https://boxd.it/uNIA,3.5
2023-02-27,11.22.63,2016,https://boxd.it/bFV4,3.5
2023-03-01,Last Tango in Paris,1972,https://boxd.it/28pw,1
2023-03-01,The Dreamers,2003,https://boxd.it/28X4,2
2023-03-03,"Three Billboards Outside Ebbing, Missouri",2017,https://boxd.it/ceBS,4
2023-03-14,The Fabelmans,2022,https://boxd.it/ugoM,4.5
2023-03-18,A Man Called Otto,2022,https://boxd.it/zl06,3.5
2023-03-19,The Whale,2022,https://boxd.it/tw4c,3.5
2023-04-01,The Florida Project,2017,https://boxd.it/dMG0,3
2023-04-01,The Night Of,2016,https://boxd.it/eC1I,4
2023-04-03,Taste of Cherry,1997,https://boxd.it/1m8W,4
2023-04-09,Close,2022,https://boxd.it/y4qa,4.5
2023-04-27,The Dust of Time,2008,https://boxd.it/AFI,3
2023-04-29,Summer 1993,2017,https://boxd.it/fAfK,4
2023-05-16,Burning Days,2022,https://boxd.it/psok,4
2023-05-24,The Pope's Exorcist,2023,https://boxd.it/stZ8,2.5
2023-06-02,Blue Jasmine,2013,https://boxd.it/50MI,3.5
2023-06-03,The Talented Mr. Ripley,1999,https://boxd.it/2924,4
2023-06-09,Birdman or (The Unexpected Virtue of Ignorance),2014,https://boxd.it/5RFA,4
2023-06-09,One Fine Morning,2022,https://boxd.it/s4Ta,4
2023-06-10,Beautiful Boy,2018,https://boxd.it/g76Q,4
2023-06-17,The Departed,2006,https://boxd.it/28MA,3.5
2023-06-17,W.E.,2011,https://boxd.it/2Op4,3.5
2023-06-17,Normal People,2020,https://boxd.it/q2VY,4
2023-06-17,Phantom Thread,2017,https://boxd.it/e4uc,3.5
2023-06-24,"Paris, Texas",1984,https://boxd.it/29Ts,4
2023-06-25,Sick of Myself,2022,https://boxd.it/tEzs,3
2023-06-27,La Belle Noiseuse,1991,https://boxd.it/1RxI,3.5
2023-07-02,Snow and the Bear,2022,https://boxd.it/C6WK,3
2023-07-16,All About My Mother,1999,https://boxd.it/2b9c,3.5
2023-07-21,Hit the Road,2021,https://boxd.it/vBVO,4
2023-07-22,Oppenheimer,2023,https://boxd.it/wUow,4.5
2023-07-27,About Dry Grasses,2023,https://boxd.it/oNbO,4
2023-08-03,Barbie,2023,https://boxd.it/bCLK,3.5
2023-08-08,After Hours,1985,https://boxd.it/1VfS,4
2023-08-11,Inception,2010,https://boxd.it/1skk,4.5
2023-08-12,Twice Born,2012,https://boxd.it/41rO,3
2023-08-25,Bruce Almighty,2003,https://boxd.it/2aCC,3.5
2023-08-28,The Great Beauty,2013,https://boxd.it/5ty6,3.5
2023-08-29,The Green Knight,2021,https://boxd.it/kuy2,2
2023-08-31,20th Century Women,2016,https://boxd.it/bqU6,4
2023-09-10,This Summer Feeling,2015,https://boxd.it/cOAG,3.5
2023-09-13,Past Lives,2023,https://boxd.it/oNB8,2.5
2023-09-14,"Two Days, One Night",2014,https://boxd.it/6A58,4.5
2023-09-16,Taxi Driver,1976,https://boxd.it/2b8y,4
2023-09-21,Autumn,2008,https://boxd.it/1S22,3
2023-09-30,The Kid with a Bike,2011,https://boxd.it/5Xc,4
2023-10-02,A Bigger Splash,2015,https://boxd.it/azgs,3
2023-10-04,Death in Venice,1971,https://boxd.it/21tm,4
2023-10-06,The Child,2005,https://boxd.it/1TJm,3.5
2023-10-12,Cloud Atlas,2012,https://boxd.it/2W60,3
2023-10-16,Microphone,2010,https://boxd.it/2QBm,3.5
2023-10-27,Nelly and Monsieur Arnaud,1995,https://boxd.it/1Ruu,3
2023-10-28,The Death of Stalin,2017,https://boxd.it/ea9Y,3.5
2023-10-31,Silence,2016,https://boxd.it/2cAo,4.5
2023-11-01,Good Morning,1959,https://boxd.it/2lkk,4
2023-11-02,Basic Instinct,1992,https://boxd.it/2asM,3
2023-11-04,The Irishman,2019,https://boxd.it/dYOq,3.5
2023-11-06,Scenes from a Marriage,1974,https://boxd.it/4kJC,4
2023-11-14,Close-Up,1990,https://boxd.it/1m9q,4.5
2023-11-21,Bihter: A Forbidden Passion,2023,https://boxd.it/ENQk,0.5
2023-11-25,Last Call for Istanbul,2023,https://boxd.it/Dwfu,2.5
2023-12-03,Vivre Sa Vie,1962,https://boxd.it/28s6,3.5
2023-12-09,Fruitvale Station,2013,https://boxd.it/4VRy,4
2023-12-10,Philadelphia,1993,https://boxd.it/1XMk,3.5
2023-12-13,"Oslo, August 31st",2011,https://boxd.it/2xQC,3.5
2023-12-14,Insomnia,2002,https://boxd.it/2aB0,4
2023-12-17,I Know This Much Is True,2020,https://boxd.it/pVeo,4.5
2023-12-20,Loveless,2017,https://boxd.it/fcFa,3.5
2023-12-23,La Cérémonie,1995,https://boxd.it/287C,3
2023-12-27,Where Is the Friend's House?,1987,https://boxd.it/ELg,4.5
2024-01-01,Tiny Beautiful Things,2023,https://boxd.it/FYIS,3.5
2024-01-02,Afire,2023,https://boxd.it/y06K,3
2024-01-04,Capernaum,2018,https://boxd.it/iM3s,4
2024-01-07,Mirror,1975,https://boxd.it/28Q8,3
2024-01-13,"The Boy, the Mole, the Fox and the Horse",2022,https://boxd.it/BBT6,4
2024-01-14,Priscilla,2023,https://boxd.it/Cz3k,3
2024-01-24,Husbands and Wives,1992,https://boxd.it/1pIe,4
2024-01-28,May December,2023,https://boxd.it/vEE2,3.5
2024-02-09,Anatomy of a Fall,2023,https://boxd.it/yuDE,4.5
2024-02-10,My Salinger Year,2020,https://boxd.it/mWng,3
2024-02-12,Damage,1992,https://boxd.it/1URm,3
2024-02-14,Perfect Days,2023,https://boxd.it/ATh8,4
2024-02-19,Behind Open Doors,2023,https://boxd.it/IkAg,2
2024-02-26,Adaptation.,2002,https://boxd.it/26mA,4
2024-03-06,Prisoners,2013,https://boxd.it/4E5i,4.5
2024-03-07,A Round of Applause,2024,https://boxd.it/LJq2,4
2024-03-12,Monster,2023,https://boxd.it/DJEM,4
2024-03-21,Vortex,2021,https://boxd.it/uoni,4.5
2024-03-21,Boyhood,2014,https://boxd.it/3178,4
2024-03-24,Portrait of a Lady on Fire,2019,https://boxd.it/jkPq,4
2024-03-24,"Are You There God? It's Me, Margaret.",2023,https://boxd.it/kiYC,3
2024-04-05,Certified Copy,2010,https://boxd.it/IMW,4
2024-04-07,The Usual Suspects,1995,https://boxd.it/29XE,4
2024-04-16,The Broken Circle Breakdown,2012,https://boxd.it/4pHm,4
2024-04-19,Manhattan,1979,https://boxd.it/29Na,3
2024-04-23,The Zone of Interest,2023,https://boxd.it/gJsA,3.5
2024-04-25,Baby Reindeer,2024,https://boxd.it/MwSa,3.5
2024-04-26,Sing Street,2016,https://boxd.it/cOo6,3.5
2024-04-28,A Man and a Woman,1966,https://boxd.it/Wb6,4
2024-05-12,A Summer's Tale,1996,https://boxd.it/183e,3
2024-06-05,Everything's Gonna Be Great,1998,https://boxd.it/2R36,4
2024-06-17,Sharp Objects,2018,https://boxd.it/j3NM,3.5
2024-07-06,All of Us Strangers,2023,https://boxd.it/Bz3C,3.5
2024-07-06,Victoria,2015,https://boxd.it/amSe,3.5
2024-07-27,The Killing of a Sacred Deer,2017,https://boxd.it/dZ5G,3.5
2024-08-05,Demolition,2015,https://boxd.it/9GuY,3.5
2024-08-05,Batman Begins,2005,https://boxd.it/2aIg,3.5
2024-08-09,Inside Out 2,2024,https://boxd.it/CFrC,4
2024-08-22,Killers of the Flower Moon,2023,https://boxd.it/gHp0,4
2024-08-24,Still Alice,2014,https://boxd.it/8Nhq,3.5
2024-09-02,Children of Men,2006,https://boxd.it/1Y2i,3.5
2024-09-11,Memory,2023,https://boxd.it/AZ9O,3
2024-09-11,The Color Purple,1985,https://boxd.it/29oO,3.5
2024-09-27,Seagrass,2023,https://boxd.it/GFj2,4
2024-10-26,Inside,2012,https://boxd.it/3tPi,3
2024-11-04,Like a Son,2023,https://boxd.it/FcPw,3.5
2024-11-04,Don't Worry Darling,2022,https://boxd.it/mViu,3
2024-11-04,Am I OK?,2022,https://boxd.it/nPqY,3
2024-11-11,The Hours,2002,https://boxd.it/2a3s,3.5
2024-11-17,A Nos Amours,1983,https://boxd.it/271I,1
2024-11-17,Kramer vs. Kramer,1979,https://boxd.it/h0w,4
2024-11-20,Godard Mon Amour,2017,https://boxd.it/eGLK,3.5
2024-12-02,Mona Lisa Smile,2003,https://boxd.it/1T0Q,4
2024-12-07,The Lost Daughter,2021,https://boxd.it/kgww,4
2024-12-23,Kung Fu Panda 4,2024,https://boxd.it/CepE,3.5
2024-12-25,Don't Let Them Shoot the Kite,1989,https://boxd.it/Ff6,3.5
2025-01-12,City of God,2002,https://boxd.it/2a2a,4
2025-01-14,Training Day,2001,https://boxd.it/27A4,3.5
2025-01-19,The Substance,2024,https://boxd.it/zanS,4
2025-02-02,The Perks of Being a Wallflower,2012,https://boxd.it/2ZA8,1.5
2025-02-10,Lost in Translation,2003,https://boxd.it/2b0E,3.5
2025-02-21,Chasing the Wind,2025,https://boxd.it/OkP8,0.5
2025-03-03,Cléo from 5 to 7,1962,https://boxd.it/2agm,3.5
2025-03-09,Hesitation Wound,2023,https://boxd.it/CMwY,3.5
2025-04-06,Adolescence,2025,https://boxd.it/TFGw,4.5
2025-04-07,Anora,2024,https://boxd.it/Egcw,3
2025-04-07,The Friend,2024,https://boxd.it/J0BU,3
2025-04-13,The Ballad of Wallis Island,2025,https://boxd.it/GqT0,4
2025-04-17,I'm Not a Robot,2023,https://boxd.it/IGTE,4
2025-04-17,I'm Still Here,2024,https://boxd.it/BPEO,4.5
2025-04-22,My Life as a Zucchini,2016,https://boxd.it/dL2y,5
2025-04-22,Moonlight,2016,https://boxd.it/d6bE,3.5
2025-04-25,Manchester by the Sea,2016,https://boxd.it/b2L0,4
2025-04-26,My Neighbor Totoro,1988,https://boxd.it/20eA,3.5
2025-04-29,The Brutalist,2024,https://boxd.it/k4BO,3.5
2025-04-29,Fallen Leaves,2023,https://boxd.it/Bgew,3
2025-05-01,Istanbul Encyclopedia,2025,https://boxd.it/UBvG,3.5
2025-05-03,Tokyo Story,1953,https://boxd.it/1HuY,4
2025-05-05,Decision to Leave,2022,https://boxd.it/qp9e,4
2025-05-08,The Room Next Door,2024,https://boxd.it/Fb4k,3.5
2025-05-10,Conclave,2024,https://boxd.it/AO8q,4
2025-05-28,La Haine,1995,https://boxd.it/2as8,4.5
2025-05-29,In the Mood for Love,2000,https://boxd.it/29tE,4
2025-05-30,The Young Girls of Rochefort,1967,https://boxd.it/26K8,3.5
2025-05-31,Autumn Sonata,1978,https://boxd.it/1Rio,3.5
2025-05-31,The Battle of Algiers,1966,https://boxd.it/1IRY,4.5
2025-06-04,Judgment at Nuremberg,1961,https://boxd.it/29xc,4.5
2025-06-13,Let's Sin,2014,https://boxd.it/7UNG,3
2025-06-29,Irreversible,2002,https://boxd.it/29as,4
2025-07-01,Frances Ha,2012,https://boxd.it/41Xg,5
2025-07-02,Raising Arizona,1987,https://boxd.it/2avQ,4
2025-07-04,The Darjeeling Limited,2007,https://boxd.it/24as,3.5
2025-07-05,Following,1998,https://boxd.it/1Tj4,3
2025-07-07,Kes,1969,https://boxd.it/1Qi8,4.5
2025-07-10,We Need to Talk About Dilan,2024,https://boxd.it/OIpS,3
2025-07-10,Senna,2010,https://boxd.it/kfE,3.5
2025-07-12,"I, Daniel Blake",2016,https://boxd.it/d0xa,3.5
2025-07-13,Roma,2018,https://boxd.it/f69M,4
2025-07-14,Erin Brockovich,2000,https://boxd.it/2al2,3
2025-07-15,Land and Freedom,1995,https://boxd.it/14Xi,4
2025-07-15,I Lost My Body,2019,https://boxd.it/lAYs,3.5
2025-07-21,Argo,2012,https://boxd.it/2czU,3
2025-07-22,The Time That Remains,2009,https://boxd.it/QP0,4.5
2025-07-24,Materialists,2025,https://boxd.it/GZlW,3.5
2025-07-26,Memories of Murder,2003,https://boxd.it/1TSo,4.5
2025-07-29,Groundhog Day,1993,https://boxd.it/2b3e,3.5
2025-08-03,Hunting Season,2010,https://boxd.it/CXk,3
2025-08-03,The Devil Wears Prada,2006,https://boxd.it/2awE,3
2025-08-03,Spotlight,2015,https://boxd.it/a84k,3
2025-08-03,Cats & Dogs,2001,https://boxd.it/1UUq,3.5
2025-08-03,Fight Club,1999,https://boxd.it/2a9q,3.5
2025-08-03,The Shawshank Redemption,1994,https://boxd.it/2aHi,3.5
2025-08-03,Charlie and the Chocolate Factory,2005,https://boxd.it/2b68,3.5
2025-08-03,Toy Story 2,1999,https://boxd.it/29qq,4
2025-08-03,Parasite,2019,https://boxd.it/hTha,4
2025-08-03,The Truman Show,1998,https://boxd.it/18U8,3.5
2025-08-03,The Sacrifice,1986,https://boxd.it/1xg8,1
2025-08-05,Hiroshima Mon Amour,1959,https://boxd.it/22WY,3.5
2025-08-06,The Things of Life,1970,https://boxd.it/25oU,4.5
2025-08-07,12 Years a Slave,2013,https://boxd.it/2D2e,4
2025-08-08,The Lives of Others,2006,https://boxd.it/2a4A,3
2025-08-09,"sex, lies, and videotape",1989,https://boxd.it/28Oc,3
2025-08-10,Fargo,1996,https://boxd.it/2aHM,4
2025-08-10,Cure,1997,https://boxd.it/1blA,4
2025-08-10,A Lien,2023,https://boxd.it/Gk7Y,4.5
2025-08-10,The Man Who Could Not Remain Silent,2024,https://boxd.it/MLW2,4
2025-08-10,The Wonderful Story of Henry Sugar,2023,https://boxd.it/yNyo,3.5
2025-08-12,Ulysses' Gaze,1995,https://boxd.it/1ApC,5
2025-08-14,Landscape in the Mist,1988,https://boxd.it/JRy,4
2025-08-14,Eternity and a Day,1998,https://boxd.it/1wSq,4.5
2025-08-15,Breathless,1960,https://boxd.it/2aIK,3
2025-08-15,The Outreau Case: A French Nightmare,2024,https://boxd.it/M0E6,3
2025-08-28,The Fall,2006,https://boxd.it/1NoM,4.5
2025-09-13,Unknown Number: The High School Catfish,2025,https://boxd.it/WtQq,3
2025-09-13,Bridesmaids,2011,https://boxd.it/rac,3
2025-09-13,At the Bench,2024,https://boxd.it/QLtM,3.5
2025-09-22,Once Upon a Time in Anatolia,2011,https://boxd.it/2yHG,4
2025-09-24,Ray,2004,https://boxd.it/28km,4
2025-09-25,Salt of the Earth,1954,https://boxd.it/1yZe,3.5
2025-09-28,Black Box Diaries,2024,https://boxd.it/K5dU,4
2025-10-31,Frankenstein,2025,https://boxd.it/Ecsg,3
2025-11-04,The 400 Blows,1959,https://boxd.it/2b1C,4
2025-11-04,One of Those Days When Hemme Dies,2024,https://boxd.it/OnWQ,4
2025-11-06,Nouvelle Vague,2025,https://boxd.it/LLLQ,3.5
2025-11-08,Pierrot le Fou,1965,https://boxd.it/26j2,2
2025-11-11,The White Ribbon,2009,https://boxd.it/17eU,4.5
2025-11-14,It Was Just an Accident,2025,https://boxd.it/TX2k,4
2025-11-18,Decalogue III,1989,https://boxd.it/3Wmu,4
2025-11-18,Decalogue II,1989,https://boxd.it/C8Q,4
2025-11-20,Rebuilding,2025,https://boxd.it/JYjm,3
2025-11-21,Souleymane's Story,2024,https://boxd.it/HQVy,4
2025-11-23,Shoah,1985,https://boxd.it/XSK,4
2025-11-24,There Will Be Blood,2007,https://boxd.it/20Z2,4.5
2025-11-26,Jay Kelly,2025,https://boxd.it/EsWw,3
2025-11-30,"Paris, 13th District",2021,https://boxd.it/s0Ky,3
2025-12-02,The Wind That Shakes the Barley,2006,https://boxd.it/293Q,4
2025-12-04,"The Tree, the Mayor and the Mediatheque",1993,https://boxd.it/4lEI,2.5
2025-12-06,Leviathan,2014,https://boxd.it/7Ub8,4.5
2025-12-10,A Short Film About Killing,1988,https://boxd.it/1VtK,4
2025-12-10,The Return,2003,https://boxd.it/1UpM,4.5
2025-12-12,That Obscure Object of Desire,1977,https://boxd.it/22zg,3
2025-12-13,La Grazia,2025,https://boxd.it/RLHm,3.5
2025-12-13,Mystery,2011,https://boxd.it/7gl8,3
2025-12-14,The Banishment,2007,https://boxd.it/1wk4,3.5
2025-12-15,Blind Chance,1987,https://boxd.it/2b4G,4
2025-12-16,Sentimental Value,2025,https://boxd.it/GwcG,3.5
2025-12-19,Atropia,2025,https://boxd.it/L5Km,3
2025-12-22,Decalogue IV,1989,https://boxd.it/C8w,3
2025-12-25,Elena,2011,https://boxd.it/2I9u,3
2025-12-27,Ernest & Celestine,2012,https://boxd.it/493A,3
2025-12-27,The Town,2025,https://boxd.it/ZCeQ,3
2025-12-28,The Weeping Meadow,2004,https://boxd.it/177k,4.5
2026-01-02,Father Mother Sister Brother,2025,https://boxd.it/HRoU,2.5
2026-01-05,CMXXIV,2025,https://boxd.it/AJdU,3
2026-01-05,Andrei Rublev,1966,https://boxd.it/29lg,2.5
2026-01-11,Persona,1966,https://boxd.it/29B4,3.5
2026-01-11,"Synecdoche, New York",2008,https://boxd.it/23zw,4.5
2026-01-15,Die My Love,2025,https://boxd.it/D5cI,3
2026-01-18,A Ghost Story,2017,https://boxd.it/fb0K,3.5
2026-01-24,Marty Supreme,2025,https://boxd.it/Off0,4
2026-01-29,Hamnet,2025,https://boxd.it/woVy,4
2026-02-06,The Secret Agent,2025,https://boxd.it/KkUE,4
2026-02-14,Wuthering Heights,2026,https://boxd.it/OdIa,0.5
2026-02-19,Sinners,2025,https://boxd.it/KQMM,3.5
2026-02-21,Ashes,2024,https://boxd.it/KIWa,0.5
2026-02-21,Museum of Innocence,2026,https://boxd.it/10YUc,4
2026-03-02,Eyes Wide Shut,1999,https://boxd.it/2axs,4
2026-03-10,Punch-Drunk Love,2002,https://boxd.it/20E4,4
2026-03-14,One Battle After Another,2025,https://boxd.it/DUHM,4.5
2026-03-16,Little Miss Sunshine,2006,https://boxd.it/29EW,4.5
2026-03-23,The Diving Bell and the Butterfly,2007,https://boxd.it/27Di,3.5
2026-04-07,The Roses,2025,https://boxd.it/MjnI,3
2026-04-14,Free Willy,1993,https://boxd.it/28qO,5
2026-04-18,It Ends with Us,2024,https://boxd.it/ENjg,3
2026-04-20,The Drama,2026,https://boxd.it/OA2w,4
